{
  "model_name_or_path": "bert-base-chinese",
  "load_model_pattern": "knn_bert",
  "output_dir": "./output/test" ,
  "mode both": true,
  "do_train": true,
  "do_eval": true,
  "do_predict": true,
  "data": "online_56",
  "logging_steps": 10,
  "save_steps": 10,
  "overwrite_output_dir": true,
  "train_batch_size": 64,
  "eval_batch_size": 64,
  "num_train_epochs": 8,
  "top_k": 25,
  "m": 1.0,
  "threshold_other": 0.75,
  "scope": 0.41,
  "contrastive_rate_in_training":0.0 ,
  "queue_size": 6500 ,
  "learning_rate": 2e-5 ,
  "norm_coef": 0.1 ,
  "temperature": 0.5 ,
  "dropout_prob": 0.1 ,
  "auto_th": 25 ,
  "fitlog_dir": "./logs",
  "seed": 62 ,
  "known_ratio": 0.25
}
