{
  "model_name_or_path": "./chinese-bert-wwm-ext",
  "load_model_pattern": "base_bert",
  "output_dir": "./model_output/epoch_30_base_bert" ,
  "mode both": true,
  "do_train": true,
  "do_eval": true,
  "do_predict": true,
  "data": "CLINC",
  "logging_steps": 1000000,
  "save_steps": 1000000 ,
  "overwrite_output_dir": true,
  "train_batch_size": 32,
  "eval_batch_size": 32,
  "num_train_epochs": 5,
  "learning_rate": 5e-5 ,
  "norm_coef": 0.1 ,
  "temperature": 0.5 ,
  "auto_th": 25 ,
  "fitlog_dir": "./logs",
  "seed": 62 ,
  "known_ratio": 0.25
}
