{
  "model_name_or_path": "./bert-base-chinese",
  "load_model_pattern": "base_bert",
  "output_dir": "./model_output/epoch_30_base_bert_freeze/" ,
  "mode both": true,
  "do_train": true,
  "do_eval": true,
  "do_predict": true,
  "data": "banking",
  "logging_steps": 1000000,
  "save_steps": 1000000 ,
  "overwrite_output_dir": true,
  "train_batch_size": 64,
  "eval_batch_size": 64,
  "num_train_epochs": 30,
  "top_k": 25 ,
  "end_k": 1 ,
  "contrastive_rate_in_training":0.1 ,
  "queue_size": 6500 ,
  "learning_rate": 1e-5 ,
  "norm_coef": 0.1 ,
  "temperature": 0.5 ,
  "auto_th": 25 ,
  "fitlog_dir": "./logs",
  "seed": 62 ,
  "known_ratio": 0.25
}
