{
  "model_name_or_path": "./bert-base-cased",
  "load_model_pattern": "base_bert",
  "output_dir": "./model_output/" ,
  "mode both": true,
  "do_train": true,
  "do_eval": true,
  "do_predict": true,
  "data": "CLINC_imbalance",
  "logging_steps": 1000000,
  "save_steps": 1000000 ,
  "overwrite_output_dir": true,
  "train_batch_size": 32,
  "eval_batch_size": 32,
  "num_train_epochs": 5,
  "top_k": 25 ,

  "contrastive_rate_in_training":0.1 ,
  "queue_size": 6500 ,
  "learning_rate": 5e-5 ,
 
  "temperature": 0.5 ,
  "auto_th": 25 ,
  "fitlog_dir": "./logs",
  "seed": 62 ,
  "known_ratio": 0.25
}
